user_id,role,day,login_hour,files_accessed,session_minutes,risk_level
HR_U01,contractor,1,0,141,308,high
HR_U01,contractor,2,22,168,319,high
HR_U01,contractor,3,23,115,787,high
HR_U01,contractor,4,1,113,631,high
HR_U01,contractor,5,2,80,513,high
HR_U01,contractor,6,23,164,612,high
HR_U01,contractor,7,23,121,719,high
HR_U01,contractor,8,2,170,341,high
HR_U01,contractor,9,0,195,503,high
HR_U01,contractor,10,3,99,355,high
HR_U01,contractor,11,23,143,355,high
HR_U01,contractor,12,2,113,761,high
HR_U01,contractor,13,2,116,716,high
HR_U01,contractor,14,1,107,582,high
HR_U01,contractor,15,3,124,704,high
HR_U01,contractor,16,2,155,716,high
HR_U01,contractor,17,3,188,454,high
HR_U01,contractor,18,1,176,531,high
HR_U01,contractor,19,0,163,311,high
HR_U01,contractor,20,2,103,379,high
HR_U01,contractor,21,2,127,752,high
HR_U01,contractor,22,22,150,710,high
HR_U01,contractor,23,1,112,783,high
HR_U01,contractor,24,2,105,471,high
HR_U01,contractor,25,3,100,659,high
HR_U01,contractor,26,23,176,555,high
HR_U01,contractor,27,2,181,641,high
HR_U01,contractor,28,0,80,589,high
HR_U01,contractor,29,2,92,421,high
HR_U01,contractor,30,3,197,607,high
HR_U02,contractor,1,2,153,443,high
HR_U02,contractor,2,23,148,358,high
HR_U02,contractor,3,1,88,315,high
HR_U02,contractor,4,3,135,430,high
HR_U02,contractor,5,22,105,712,high
HR_U02,contractor,6,2,160,403,high
HR_U02,contractor,7,22,120,497,high
HR_U02,contractor,8,3,100,601,high
HR_U02,contractor,9,3,194,398,high
HR_U02,contractor,10,1,175,640,high
HR_U02,contractor,11,3,172,335,high
HR_U02,contractor,12,22,118,394,high
HR_U02,contractor,13,0,105,795,high
HR_U02,contractor,14,22,160,357,high
HR_U02,contractor,15,23,152,685,high
HR_U02,contractor,16,23,184,364,high
HR_U02,contractor,17,2,103,694,high
HR_U02,contractor,18,3,100,725,high
HR_U02,contractor,19,0,177,744,high
HR_U02,contractor,20,3,181,655,high
HR_U02,contractor,21,23,105,449,high
HR_U02,contractor,22,23,178,453,high
HR_U02,contractor,23,2,99,338,high
HR_U02,contractor,24,2,114,552,high
HR_U02,contractor,25,1,119,486,high
HR_U02,contractor,26,3,106,723,high
HR_U02,contractor,27,23,108,345,high
HR_U02,contractor,28,0,141,686,high
HR_U02,contractor,29,0,143,656,high
HR_U02,contractor,30,1,101,593,high
HR_U03,contractor,1,2,135,758,high
HR_U03,contractor,2,3,147,789,high
HR_U03,contractor,3,23,195,427,high
HR_U03,contractor,4,23,133,726,high
HR_U03,contractor,5,0,127,417,high
HR_U03,contractor,6,23,111,741,high
HR_U03,contractor,7,23,169,410,high
HR_U03,contractor,8,23,190,780,high
HR_U03,contractor,9,0,105,594,high
HR_U03,contractor,10,22,187,563,high
HR_U03,contractor,11,2,94,479,high
HR_U03,contractor,12,2,107,522,high
HR_U03,contractor,13,22,166,708,high
HR_U03,contractor,14,2,156,519,high
HR_U03,contractor,15,23,85,656,high
HR_U03,contractor,16,22,109,479,high
HR_U03,contractor,17,3,190,426,high
HR_U03,contractor,18,1,148,548,high
HR_U03,contractor,19,2,109,488,high
HR_U03,contractor,20,0,119,687,high
HR_U03,contractor,21,0,174,436,high
HR_U03,contractor,22,23,147,489,high
HR_U03,contractor,23,3,177,494,high
HR_U03,contractor,24,2,194,392,high
HR_U03,contractor,25,23,118,380,high
HR_U03,contractor,26,0,191,444,high
HR_U03,contractor,27,1,159,727,high
HR_U03,contractor,28,3,169,492,high
HR_U03,contractor,29,0,132,766,high
HR_U03,contractor,30,1,117,726,high
HR_U04,contractor,1,22,143,307,high
HR_U04,contractor,2,22,103,767,high
HR_U04,contractor,3,23,182,414,high
HR_U04,contractor,4,2,101,684,high
HR_U04,contractor,5,3,84,363,high
HR_U04,contractor,6,23,126,594,high
HR_U04,contractor,7,1,104,631,high
HR_U04,contractor,8,22,104,600,high
HR_U04,contractor,9,2,156,601,high
HR_U04,contractor,10,22,190,497,high
HR_U04,contractor,11,2,80,569,high
HR_U04,contractor,12,22,97,766,high
HR_U04,contractor,13,0,109,787,high
HR_U04,contractor,14,22,88,459,high
HR_U04,contractor,15,1,181,456,high
HR_U04,contractor,16,3,172,600,high
HR_U04,contractor,17,3,134,404,high
HR_U04,contractor,18,3,133,684,high
HR_U04,contractor,19,22,88,777,high
HR_U04,contractor,20,23,156,408,high
HR_U04,contractor,21,22,123,583,high
HR_U04,contractor,22,3,107,620,high
HR_U04,contractor,23,0,120,742,high
HR_U04,contractor,24,3,166,605,high
HR_U04,contractor,25,0,105,301,high
HR_U04,contractor,26,0,88,695,high
HR_U04,contractor,27,0,147,312,high
HR_U04,contractor,28,22,166,394,high
HR_U04,contractor,29,0,154,571,high
HR_U04,contractor,30,22,155,593,high
HR_U05,manager,1,0,178,790,high
HR_U05,manager,2,3,195,787,high
HR_U05,manager,3,3,87,383,high
HR_U05,manager,4,23,89,698,high
HR_U05,manager,5,1,92,396,high
HR_U05,manager,6,3,89,349,high
HR_U05,manager,7,1,188,599,high
HR_U05,manager,8,0,167,518,high
HR_U05,manager,9,3,98,421,high
HR_U05,manager,10,1,100,652,high
HR_U05,manager,11,2,144,345,high
HR_U05,manager,12,0,86,635,high
HR_U05,manager,13,2,140,533,high
HR_U05,manager,14,1,151,400,high
HR_U05,manager,15,3,109,665,high
HR_U05,manager,16,3,130,582,high
HR_U05,manager,17,3,139,449,high
HR_U05,manager,18,3,130,338,high
HR_U05,manager,19,23,190,653,high
HR_U05,manager,20,23,187,756,high
HR_U05,manager,21,23,83,767,high
HR_U05,manager,22,23,120,517,high
HR_U05,manager,23,2,188,605,high
HR_U05,manager,24,2,195,686,high
HR_U05,manager,25,23,185,508,high
HR_U05,manager,26,0,195,453,high
HR_U05,manager,27,0,139,741,high
HR_U05,manager,28,0,141,307,high
HR_U05,manager,29,2,142,727,high
HR_U05,manager,30,2,160,370,high
HR_U06,manager,1,22,100,441,high
HR_U06,manager,2,23,128,600,high
HR_U06,manager,3,0,116,786,high
HR_U06,manager,4,3,151,444,high
HR_U06,manager,5,22,111,596,high
HR_U06,manager,6,3,198,470,high
HR_U06,manager,7,22,84,727,high
HR_U06,manager,8,1,166,539,high
HR_U06,manager,9,1,180,681,high
HR_U06,manager,10,3,167,668,high
HR_U06,manager,11,3,157,412,high
HR_U06,manager,12,3,115,474,high
HR_U06,manager,13,22,121,424,high
HR_U06,manager,14,0,149,399,high
HR_U06,manager,15,3,163,498,high
HR_U06,manager,16,22,105,630,high
HR_U06,manager,17,0,95,421,high
HR_U06,manager,18,23,135,384,high
HR_U06,manager,19,0,143,374,high
HR_U06,manager,20,1,180,673,high
HR_U06,manager,21,23,82,536,high
HR_U06,manager,22,23,167,702,high
HR_U06,manager,23,23,189,643,high
HR_U06,manager,24,1,142,575,high
HR_U06,manager,25,2,112,311,high
HR_U06,manager,26,23,165,404,high
HR_U06,manager,27,22,85,527,high
HR_U06,manager,28,1,178,647,high
HR_U06,manager,29,23,101,393,high
HR_U06,manager,30,0,188,689,high
HR_U07,manager,1,1,144,748,high
HR_U07,manager,2,1,140,394,high
HR_U07,manager,3,2,171,580,high
HR_U07,manager,4,22,132,706,high
HR_U07,manager,5,23,170,599,high
HR_U07,manager,6,0,154,337,high
HR_U07,manager,7,3,110,683,high
HR_U07,manager,8,23,193,534,high
HR_U07,manager,9,22,142,763,high
HR_U07,manager,10,2,156,752,high
HR_U07,manager,11,23,89,780,high
HR_U07,manager,12,23,123,556,high
HR_U07,manager,13,2,99,609,high
HR_U07,manager,14,2,129,708,high
HR_U07,manager,15,1,167,396,high
HR_U07,manager,16,1,96,477,high
HR_U07,manager,17,22,97,672,high
HR_U07,manager,18,3,91,749,high
HR_U07,manager,19,1,194,647,high
HR_U07,manager,20,23,195,485,high
HR_U07,manager,21,0,190,357,high
HR_U07,manager,22,0,120,647,high
HR_U07,manager,23,2,193,453,high
HR_U07,manager,24,23,131,795,high
HR_U07,manager,25,3,168,641,high
HR_U07,manager,26,3,194,594,high
HR_U07,manager,27,23,166,328,high
HR_U07,manager,28,22,143,591,high
HR_U07,manager,29,22,148,326,high
HR_U07,manager,30,3,89,531,high
HR_U08,manager,1,23,131,553,high
HR_U08,manager,2,1,90,438,high
HR_U08,manager,3,1,160,624,high
HR_U08,manager,4,1,84,358,high
HR_U08,manager,5,2,167,719,high
HR_U08,manager,6,23,148,346,high
HR_U08,manager,7,2,198,576,high
HR_U08,manager,8,2,173,724,high
HR_U08,manager,9,2,170,610,high
HR_U08,manager,10,1,136,484,high
HR_U08,manager,11,23,102,526,high
HR_U08,manager,12,3,181,511,high
HR_U08,manager,13,23,109,622,high
HR_U08,manager,14,22,168,558,high
HR_U08,manager,15,22,122,470,high
HR_U08,manager,16,2,93,308,high
HR_U08,manager,17,1,159,533,high
HR_U08,manager,18,3,135,369,high
HR_U08,manager,19,2,153,354,high
HR_U08,manager,20,0,88,631,high
HR_U08,manager,21,1,158,632,high
HR_U08,manager,22,1,90,384,high
HR_U08,manager,23,2,126,767,high
HR_U08,manager,24,3,185,656,high
HR_U08,manager,25,0,81,726,high
HR_U08,manager,26,0,161,609,high
HR_U08,manager,27,3,85,637,high
HR_U08,manager,28,3,182,662,high
HR_U08,manager,29,22,194,730,high
HR_U08,manager,30,3,153,393,high
HR_U09,employee,1,8,15,48,normal
HR_U09,employee,2,13,9,87,normal
HR_U09,employee,3,8,8,77,normal
HR_U09,employee,4,14,12,106,normal
HR_U09,employee,5,17,7,86,normal
HR_U09,employee,6,15,9,86,normal
HR_U09,employee,7,16,7,85,normal
HR_U09,employee,8,14,8,115,normal
HR_U09,employee,9,18,12,63,normal
HR_U09,employee,10,17,7,53,normal
HR_U09,employee,11,14,9,118,normal
HR_U09,employee,12,8,9,132,normal
HR_U09,employee,13,13,9,43,normal
HR_U09,employee,14,12,10,152,normal
HR_U09,employee,15,9,8,141,normal
HR_U09,employee,16,10,4,60,normal
HR_U09,employee,17,15,10,103,normal
HR_U09,employee,18,18,14,75,normal
HR_U09,employee,19,18,10,138,normal
HR_U09,employee,20,17,13,87,normal
HR_U09,employee,21,13,13,66,normal
HR_U09,employee,22,13,15,109,normal
HR_U09,employee,23,17,11,112,normal
HR_U09,employee,24,9,14,66,normal
HR_U09,employee,25,13,10,105,normal
HR_U09,employee,26,8,14,71,normal
HR_U09,employee,27,7,6,40,normal
HR_U09,employee,28,11,11,145,normal
HR_U09,employee,29,18,14,84,normal
HR_U09,employee,30,15,15,54,normal
HR_U10,contractor,1,9,13,149,normal
HR_U10,contractor,2,17,9,67,normal
HR_U10,contractor,3,16,10,73,normal
HR_U10,contractor,4,16,7,76,normal
HR_U10,contractor,5,18,10,84,normal
HR_U10,contractor,6,17,12,91,normal
HR_U10,contractor,7,15,9,29,normal
HR_U10,contractor,8,13,11,71,normal
HR_U10,contractor,9,9,10,140,normal
HR_U10,contractor,10,18,7,85,normal
HR_U10,contractor,11,17,10,46,normal
HR_U10,contractor,12,10,12,15,normal
HR_U10,contractor,13,15,12,20,normal
HR_U10,contractor,14,15,13,134,normal
HR_U10,contractor,15,18,7,29,normal
HR_U10,contractor,16,13,11,130,normal
HR_U10,contractor,17,13,10,82,normal
HR_U10,contractor,18,15,8,122,normal
HR_U10,contractor,19,7,10,86,normal
HR_U10,contractor,20,17,11,121,normal
HR_U10,contractor,21,18,10,64,normal
HR_U10,contractor,22,11,9,59,normal
HR_U10,contractor,23,15,10,139,normal
HR_U10,contractor,24,8,12,58,normal
HR_U10,contractor,25,16,13,116,normal
HR_U10,contractor,26,10,9,123,normal
HR_U10,contractor,27,14,9,58,normal
HR_U10,contractor,28,14,9,83,normal
HR_U10,contractor,29,16,9,152,normal
HR_U10,contractor,30,15,7,99,normal
HR_U11,manager,1,7,8,93,normal
HR_U11,manager,2,7,13,63,normal
HR_U11,manager,3,8,11,91,normal
HR_U11,manager,4,16,10,70,normal
HR_U11,manager,5,11,13,95,normal
HR_U11,manager,6,16,6,61,normal
HR_U11,manager,7,17,11,86,normal
HR_U11,manager,8,11,6,84,normal
HR_U11,manager,9,7,14,48,normal
HR_U11,manager,10,9,14,60,normal
HR_U11,manager,11,16,5,49,normal
HR_U11,manager,12,17,9,73,normal
HR_U11,manager,13,12,12,93,normal
HR_U11,manager,14,10,9,84,normal
HR_U11,manager,15,14,10,101,normal
HR_U11,manager,16,11,13,76,normal
HR_U11,manager,17,7,11,49,normal
HR_U11,manager,18,8,17,56,normal
HR_U11,manager,19,17,8,73,normal
HR_U11,manager,20,13,3,72,normal
HR_U11,manager,21,8,13,63,normal
HR_U11,manager,22,13,12,62,normal
HR_U11,manager,23,7,8,131,normal
HR_U11,manager,24,7,10,79,normal
HR_U11,manager,25,8,12,112,normal
HR_U11,manager,26,15,14,85,normal
HR_U11,manager,27,11,9,67,normal
HR_U11,manager,28,7,8,119,normal
HR_U11,manager,29,16,10,181,normal
HR_U11,manager,30,14,16,101,normal
HR_U12,contractor,1,14,7,75,normal
HR_U12,contractor,2,12,16,128,normal
HR_U12,contractor,3,16,12,106,normal
HR_U12,contractor,4,13,9,103,normal
HR_U12,contractor,5,7,9,83,normal
HR_U12,contractor,6,12,10,55,normal
HR_U12,contractor,7,7,8,141,normal
HR_U12,contractor,8,18,8,146,normal
HR_U12,contractor,9,11,7,109,normal
HR_U12,contractor,10,17,14,73,normal
HR_U12,contractor,11,15,8,78,normal
HR_U12,contractor,12,15,6,95,normal
HR_U12,contractor,13,8,12,63,normal
HR_U12,contractor,14,15,10,123,normal
HR_U12,contractor,15,12,6,67,normal
HR_U12,contractor,16,7,14,96,normal
HR_U12,contractor,17,16,7,109,normal
HR_U12,contractor,18,11,3,136,normal
HR_U12,contractor,19,13,18,103,normal
HR_U12,contractor,20,15,8,84,normal
HR_U12,contractor,21,12,9,98,normal
HR_U12,contractor,22,16,6,96,normal
HR_U12,contractor,23,14,14,72,normal
HR_U12,contractor,24,12,12,78,normal
HR_U12,contractor,25,16,12,74,normal
HR_U12,contractor,26,16,10,94,normal
HR_U12,contractor,27,15,14,69,normal
HR_U12,contractor,28,8,11,72,normal
HR_U12,contractor,29,8,12,109,normal
HR_U12,contractor,30,8,15,54,normal
HR_U13,contractor,1,11,11,82,normal
HR_U13,contractor,2,12,9,39,normal
HR_U13,contractor,3,13,13,103,normal
HR_U13,contractor,4,12,13,68,normal
HR_U13,contractor,5,14,13,102,normal
HR_U13,contractor,6,13,4,43,normal
HR_U13,contractor,7,11,14,77,normal
HR_U13,contractor,8,15,6,102,normal
HR_U13,contractor,9,8,10,97,normal
HR_U13,contractor,10,9,9,53,normal
HR_U13,contractor,11,18,6,99,normal
HR_U13,contractor,12,16,7,142,normal
HR_U13,contractor,13,11,9,115,normal
HR_U13,contractor,14,11,8,77,normal
HR_U13,contractor,15,18,5,59,normal
HR_U13,contractor,16,8,9,103,normal
HR_U13,contractor,17,14,9,139,normal
HR_U13,contractor,18,14,10,115,normal
HR_U13,contractor,19,11,12,121,normal
HR_U13,contractor,20,12,12,129,normal
HR_U13,contractor,21,14,12,102,normal
HR_U13,contractor,22,9,10,54,normal
HR_U13,contractor,23,17,9,49,normal
HR_U13,contractor,24,7,12,95,normal
HR_U13,contractor,25,18,6,17,normal
HR_U13,contractor,26,7,8,62,normal
HR_U13,contractor,27,10,13,45,normal
HR_U13,contractor,28,11,13,131,normal
HR_U13,contractor,29,7,9,96,normal
HR_U13,contractor,30,10,7,90,normal
HR_U14,employee,1,9,12,78,normal
HR_U14,employee,2,11,9,100,normal
HR_U14,employee,3,11,11,54,normal
HR_U14,employee,4,16,10,75,normal
HR_U14,employee,5,8,11,136,normal
HR_U14,employee,6,17,6,82,normal
HR_U14,employee,7,15,9,78,normal
HR_U14,employee,8,8,12,92,normal
HR_U14,employee,9,7,11,104,normal
HR_U14,employee,10,11,5,83,normal
HR_U14,employee,11,9,12,131,normal
HR_U14,employee,12,17,9,103,normal
HR_U14,employee,13,18,13,86,normal
HR_U14,employee,14,15,10,109,normal
HR_U14,employee,15,13,11,56,normal
HR_U14,employee,16,13,11,112,normal
HR_U14,employee,17,11,13,74,normal
HR_U14,employee,18,17,10,82,normal
HR_U14,employee,19,11,9,87,normal
HR_U14,employee,20,18,11,88,normal
HR_U14,employee,21,11,11,78,normal
HR_U14,employee,22,10,13,73,normal
HR_U14,employee,23,15,18,65,normal
HR_U14,employee,24,10,7,91,normal
HR_U14,employee,25,11,15,134,normal
HR_U14,employee,26,8,11,87,normal
HR_U14,employee,27,16,11,95,normal
HR_U14,employee,28,17,11,103,normal
HR_U14,employee,29,7,11,75,normal
HR_U14,employee,30,17,16,59,normal
HR_U15,manager,1,18,9,76,normal
HR_U15,manager,2,10,7,79,normal
HR_U15,manager,3,18,12,35,normal
HR_U15,manager,4,13,8,66,normal
HR_U15,manager,5,13,14,23,normal
HR_U15,manager,6,9,16,139,normal
HR_U15,manager,7,7,10,93,normal
HR_U15,manager,8,17,14,29,normal
HR_U15,manager,9,18,10,106,normal
HR_U15,manager,10,9,13,127,normal
HR_U15,manager,11,7,8,119,normal
HR_U15,manager,12,9,11,91,normal
HR_U15,manager,13,13,12,66,normal
HR_U15,manager,14,15,12,136,normal
HR_U15,manager,15,8,5,94,normal
HR_U15,manager,16,10,8,10,normal
HR_U15,manager,17,18,7,132,normal
HR_U15,manager,18,9,14,65,normal
HR_U15,manager,19,7,9,66,normal
HR_U15,manager,20,18,12,89,normal
HR_U15,manager,21,17,9,67,normal
HR_U15,manager,22,10,6,72,normal
HR_U15,manager,23,15,9,30,normal
HR_U15,manager,24,9,9,146,normal
HR_U15,manager,25,13,8,102,normal
HR_U15,manager,26,17,9,113,normal
HR_U15,manager,27,13,10,104,normal
HR_U15,manager,28,9,8,102,normal
HR_U15,manager,29,13,6,77,normal
HR_U15,manager,30,18,5,94,normal
HR_U16,employee,1,12,11,101,normal
HR_U16,employee,2,16,2,105,normal
HR_U16,employee,3,12,8,89,normal
HR_U16,employee,4,8,10,114,normal
HR_U16,employee,5,8,12,107,normal
HR_U16,employee,6,16,6,128,normal
HR_U16,employee,7,11,10,141,normal
HR_U16,employee,8,12,11,88,normal
HR_U16,employee,9,14,9,72,normal
HR_U16,employee,10,7,14,84,normal
HR_U16,employee,11,9,12,88,normal
HR_U16,employee,12,13,9,100,normal
HR_U16,employee,13,7,10,83,normal
HR_U16,employee,14,17,5,94,normal
HR_U16,employee,15,11,8,99,normal
HR_U16,employee,16,13,5,102,normal
HR_U16,employee,17,14,6,98,normal
HR_U16,employee,18,15,8,63,normal
HR_U16,employee,19,18,9,79,normal
HR_U16,employee,20,7,9,48,normal
HR_U16,employee,21,14,13,73,normal
HR_U16,employee,22,13,6,78,normal
HR_U16,employee,23,14,15,74,normal
HR_U16,employee,24,7,12,147,normal
HR_U16,employee,25,17,13,78,normal
HR_U16,employee,26,12,9,69,normal
HR_U16,employee,27,16,11,57,normal
HR_U16,employee,28,12,13,101,normal
HR_U16,employee,29,14,13,114,normal
HR_U16,employee,30,17,7,76,normal
HR_U17,manager,1,9,10,83,normal
HR_U17,manager,2,15,8,75,normal
HR_U17,manager,3,15,10,61,normal
HR_U17,manager,4,7,13,97,normal
HR_U17,manager,5,12,5,50,normal
HR_U17,manager,6,17,8,36,normal
HR_U17,manager,7,17,7,82,normal
HR_U17,manager,8,7,13,62,normal
HR_U17,manager,9,16,13,68,normal
HR_U17,manager,10,8,12,44,normal
HR_U17,manager,11,12,12,61,normal
HR_U17,manager,12,8,9,10,normal
HR_U17,manager,13,17,11,112,normal
HR_U17,manager,14,9,8,141,normal
HR_U17,manager,15,12,5,120,normal
HR_U17,manager,16,18,14,55,normal
HR_U17,manager,17,12,12,121,normal
HR_U17,manager,18,8,13,30,normal
HR_U17,manager,19,13,11,49,normal
HR_U17,manager,20,12,12,104,normal
HR_U17,manager,21,16,15,99,normal
HR_U17,manager,22,13,13,79,normal
HR_U17,manager,23,17,12,91,normal
HR_U17,manager,24,8,7,54,normal
HR_U17,manager,25,18,13,86,normal
HR_U17,manager,26,17,9,88,normal
HR_U17,manager,27,10,14,88,normal
HR_U17,manager,28,15,11,86,normal
HR_U17,manager,29,15,13,115,normal
HR_U17,manager,30,17,14,61,normal
HR_U18,contractor,1,14,12,108,normal
HR_U18,contractor,2,18,6,49,normal
HR_U18,contractor,3,9,9,59,normal
HR_U18,contractor,4,7,17,137,normal
HR_U18,contractor,5,8,9,90,normal
HR_U18,contractor,6,11,10,128,normal
HR_U18,contractor,7,18,7,69,normal
HR_U18,contractor,8,11,9,148,normal
HR_U18,contractor,9,13,12,70,normal
HR_U18,contractor,10,18,11,67,normal
HR_U18,contractor,11,9,12,74,normal
HR_U18,contractor,12,18,11,84,normal
HR_U18,contractor,13,8,6,181,normal
HR_U18,contractor,14,10,7,112,normal
HR_U18,contractor,15,9,4,96,normal
HR_U18,contractor,16,11,13,123,normal
HR_U18,contractor,17,9,11,112,normal
HR_U18,contractor,18,12,12,85,normal
HR_U18,contractor,19,17,9,71,normal
HR_U18,contractor,20,8,8,96,normal
HR_U18,contractor,21,10,6,102,normal
HR_U18,contractor,22,17,11,71,normal
HR_U18,contractor,23,9,5,98,normal
HR_U18,contractor,24,15,12,82,normal
HR_U18,contractor,25,18,9,86,normal
HR_U18,contractor,26,8,9,80,normal
HR_U18,contractor,27,16,17,65,normal
HR_U18,contractor,28,11,11,71,normal
HR_U18,contractor,29,17,14,85,normal
HR_U18,contractor,30,7,5,63,normal
HR_U19,employee,1,13,10,70,normal
HR_U19,employee,2,17,7,78,normal
HR_U19,employee,3,7,13,93,normal
HR_U19,employee,4,15,15,71,normal
HR_U19,employee,5,9,7,112,normal
HR_U19,employee,6,8,12,54,normal
HR_U19,employee,7,17,7,29,normal
HR_U19,employee,8,14,6,141,normal
HR_U19,employee,9,13,13,138,normal
HR_U19,employee,10,17,10,133,normal
HR_U19,employee,11,8,13,32,normal
HR_U19,employee,12,11,11,73,normal
HR_U19,employee,13,15,8,53,normal
HR_U19,employee,14,15,10,116,normal
HR_U19,employee,15,14,4,133,normal
HR_U19,employee,16,15,10,113,normal
HR_U19,employee,17,15,15,99,normal
HR_U19,employee,18,16,10,96,normal
HR_U19,employee,19,9,8,103,normal
HR_U19,employee,20,13,10,54,normal
HR_U19,employee,21,15,15,72,normal
HR_U19,employee,22,8,10,153,normal
HR_U19,employee,23,8,9,115,normal
HR_U19,employee,24,12,12,37,normal
HR_U19,employee,25,15,6,80,normal
HR_U19,employee,26,17,14,64,normal
HR_U19,employee,27,12,15,115,normal
HR_U19,employee,28,18,6,102,normal
HR_U19,employee,29,13,13,93,normal
HR_U19,employee,30,7,10,94,normal
HR_U20,manager,1,7,7,94,normal
HR_U20,manager,2,17,7,87,normal
HR_U20,manager,3,8,5,77,normal
HR_U20,manager,4,9,8,99,normal
HR_U20,manager,5,13,14,64,normal
HR_U20,manager,6,13,11,78,normal
HR_U20,manager,7,12,10,79,normal
HR_U20,manager,8,16,12,92,normal
HR_U20,manager,9,7,8,91,normal
HR_U20,manager,10,13,4,101,normal
HR_U20,manager,11,17,11,84,normal
HR_U20,manager,12,17,9,54,normal
HR_U20,manager,13,16,7,57,normal
HR_U20,manager,14,12,8,89,normal
HR_U20,manager,15,12,14,72,normal
HR_U20,manager,16,8,15,129,normal
HR_U20,manager,17,13,5,35,normal
HR_U20,manager,18,12,6,74,normal
HR_U20,manager,19,15,9,88,normal
HR_U20,manager,20,14,10,70,normal
HR_U20,manager,21,16,9,73,normal
HR_U20,manager,22,7,9,76,normal
HR_U20,manager,23,9,15,114,normal
HR_U20,manager,24,12,10,86,normal
HR_U20,manager,25,15,4,76,normal
HR_U20,manager,26,9,14,99,normal
HR_U20,manager,27,12,6,43,normal
HR_U20,manager,28,18,11,63,normal
HR_U20,manager,29,13,4,47,normal
HR_U20,manager,30,13,8,48,normal
HR_U21,manager,1,17,12,59,normal
HR_U21,manager,2,13,11,127,normal
HR_U21,manager,3,17,13,48,normal
HR_U21,manager,4,8,8,68,normal
HR_U21,manager,5,15,16,101,normal
HR_U21,manager,6,15,7,90,normal
HR_U21,manager,7,18,10,72,normal
HR_U21,manager,8,17,19,44,normal
HR_U21,manager,9,16,9,63,normal
HR_U21,manager,10,12,10,171,normal
HR_U21,manager,11,14,10,95,normal
HR_U21,manager,12,8,13,93,normal
HR_U21,manager,13,17,12,100,normal
HR_U21,manager,14,18,7,111,normal
HR_U21,manager,15,18,14,24,normal
HR_U21,manager,16,18,15,36,normal
HR_U21,manager,17,12,11,106,normal
HR_U21,manager,18,10,11,89,normal
HR_U21,manager,19,18,8,78,normal
HR_U21,manager,20,11,10,113,normal
HR_U21,manager,21,16,14,49,normal
HR_U21,manager,22,16,12,131,normal
HR_U21,manager,23,12,9,55,normal
HR_U21,manager,24,9,8,34,normal
HR_U21,manager,25,12,9,47,normal
HR_U21,manager,26,9,18,104,normal
HR_U21,manager,27,10,11,125,normal
HR_U21,manager,28,18,11,91,normal
HR_U21,manager,29,10,14,35,normal
HR_U21,manager,30,18,14,72,normal
HR_U22,employee,1,10,10,98,normal
HR_U22,employee,2,9,14,38,normal
HR_U22,employee,3,14,8,66,normal
HR_U22,employee,4,13,10,71,normal
HR_U22,employee,5,8,10,28,normal
HR_U22,employee,6,16,7,66,normal
HR_U22,employee,7,17,11,42,normal
HR_U22,employee,8,7,9,32,normal
HR_U22,employee,9,17,9,101,normal
HR_U22,employee,10,10,10,65,normal
HR_U22,employee,11,8,12,110,normal
HR_U22,employee,12,13,6,16,normal
HR_U22,employee,13,9,12,72,normal
HR_U22,employee,14,12,14,81,normal
HR_U22,employee,15,14,9,121,normal
HR_U22,employee,16,10,15,92,normal
HR_U22,employee,17,17,12,70,normal
HR_U22,employee,18,17,8,96,normal
HR_U22,employee,19,10,10,76,normal
HR_U22,employee,20,14,10,132,normal
HR_U22,employee,21,14,12,93,normal
HR_U22,employee,22,8,14,57,normal
HR_U22,employee,23,7,11,110,normal
HR_U22,employee,24,18,8,64,normal
HR_U22,employee,25,12,9,126,normal
HR_U22,employee,26,13,12,115,normal
HR_U22,employee,27,12,9,69,normal
HR_U22,employee,28,18,13,103,normal
HR_U22,employee,29,17,10,76,normal
HR_U22,employee,30,16,5,82,normal
HR_U23,manager,1,11,6,122,normal
HR_U23,manager,2,18,11,61,normal
HR_U23,manager,3,9,9,48,normal
HR_U23,manager,4,16,11,92,normal
HR_U23,manager,5,8,9,120,normal
HR_U23,manager,6,10,13,99,normal
HR_U23,manager,7,8,12,105,normal
HR_U23,manager,8,13,5,62,normal
HR_U23,manager,9,12,9,98,normal
HR_U23,manager,10,12,6,64,normal
HR_U23,manager,11,16,10,84,normal
HR_U23,manager,12,15,8,96,normal
HR_U23,manager,13,7,10,47,normal
HR_U23,manager,14,17,10,79,normal
HR_U23,manager,15,12,12,103,normal
HR_U23,manager,16,18,11,110,normal
HR_U23,manager,17,7,12,134,normal
HR_U23,manager,18,10,9,145,normal
HR_U23,manager,19,10,10,145,normal
HR_U23,manager,20,11,12,143,normal
HR_U23,manager,21,9,10,83,normal
HR_U23,manager,22,17,14,89,normal
HR_U23,manager,23,10,8,99,normal
HR_U23,manager,24,13,9,100,normal
HR_U23,manager,25,17,14,129,normal
HR_U23,manager,26,11,13,75,normal
HR_U23,manager,27,13,7,127,normal
HR_U23,manager,28,14,5,46,normal
HR_U23,manager,29,9,11,69,normal
HR_U23,manager,30,18,7,53,normal
HR_U24,employee,1,11,12,84,normal
HR_U24,employee,2,18,10,104,normal
HR_U24,employee,3,13,18,39,normal
HR_U24,employee,4,10,12,59,normal
HR_U24,employee,5,18,11,116,normal
HR_U24,employee,6,7,15,98,normal
HR_U24,employee,7,7,12,59,normal
HR_U24,employee,8,9,8,146,normal
HR_U24,employee,9,14,8,86,normal
HR_U24,employee,10,15,8,98,normal
HR_U24,employee,11,17,11,93,normal
HR_U24,employee,12,14,6,95,normal
HR_U24,employee,13,15,7,40,normal
HR_U24,employee,14,15,11,63,normal
HR_U24,employee,15,12,11,89,normal
HR_U24,employee,16,13,8,111,normal
HR_U24,employee,17,18,8,72,normal
HR_U24,employee,18,16,7,117,normal
HR_U24,employee,19,8,7,136,normal
HR_U24,employee,20,13,12,65,normal
HR_U24,employee,21,14,17,163,normal
HR_U24,employee,22,7,15,123,normal
HR_U24,employee,23,15,14,110,normal
HR_U24,employee,24,9,8,39,normal
HR_U24,employee,25,11,11,125,normal
HR_U24,employee,26,12,9,93,normal
HR_U24,employee,27,11,12,133,normal
HR_U24,employee,28,17,10,54,normal
HR_U24,employee,29,15,8,53,normal
HR_U24,employee,30,10,6,128,normal
HR_U25,employee,1,7,18,113,normal
HR_U25,employee,2,9,9,97,normal
HR_U25,employee,3,12,15,147,normal
HR_U25,employee,4,16,8,109,normal
HR_U25,employee,5,11,6,115,normal
HR_U25,employee,6,13,6,72,normal
HR_U25,employee,7,11,9,102,normal
HR_U25,employee,8,14,9,127,normal
HR_U25,employee,9,12,14,112,normal
HR_U25,employee,10,18,14,71,normal
HR_U25,employee,11,10,12,52,normal
HR_U25,employee,12,8,6,93,normal
HR_U25,employee,13,14,10,63,normal
HR_U25,employee,14,11,15,136,normal
HR_U25,employee,15,16,7,100,normal
HR_U25,employee,16,8,5,94,normal
HR_U25,employee,17,9,12,90,normal
HR_U25,employee,18,12,13,128,normal
HR_U25,employee,19,10,8,94,normal
HR_U25,employee,20,18,7,71,normal
HR_U25,employee,21,17,10,74,normal
HR_U25,employee,22,18,10,118,normal
HR_U25,employee,23,8,13,104,normal
HR_U25,employee,24,14,8,137,normal
HR_U25,employee,25,13,15,78,normal
HR_U25,employee,26,16,9,129,normal
HR_U25,employee,27,10,7,86,normal
HR_U25,employee,28,14,13,141,normal
HR_U25,employee,29,8,7,85,normal
HR_U25,employee,30,8,13,81,normal
HR_U26,manager,1,8,11,131,normal
HR_U26,manager,2,13,11,84,normal
HR_U26,manager,3,10,10,111,normal
HR_U26,manager,4,12,10,93,normal
HR_U26,manager,5,14,8,29,normal
HR_U26,manager,6,11,4,21,normal
HR_U26,manager,7,15,11,142,normal
HR_U26,manager,8,10,13,78,normal
HR_U26,manager,9,17,6,142,normal
HR_U26,manager,10,11,9,105,normal
HR_U26,manager,11,18,11,95,normal
HR_U26,manager,12,14,15,114,normal
HR_U26,manager,13,18,10,10,normal
HR_U26,manager,14,11,9,142,normal
HR_U26,manager,15,17,9,74,normal
HR_U26,manager,16,11,10,134,normal
HR_U26,manager,17,8,19,95,normal
HR_U26,manager,18,15,9,136,normal
HR_U26,manager,19,8,6,134,normal
HR_U26,manager,20,10,7,80,normal
HR_U26,manager,21,18,9,70,normal
HR_U26,manager,22,17,13,153,normal
HR_U26,manager,23,9,7,103,normal
HR_U26,manager,24,17,14,45,normal
HR_U26,manager,25,10,10,98,normal
HR_U26,manager,26,15,13,71,normal
HR_U26,manager,27,13,6,62,normal
HR_U26,manager,28,8,7,114,normal
HR_U26,manager,29,12,15,41,normal
HR_U26,manager,30,7,16,95,normal
HR_U27,employee,1,7,9,53,normal
HR_U27,employee,2,10,10,78,normal
HR_U27,employee,3,10,12,85,normal
HR_U27,employee,4,9,11,69,normal
HR_U27,employee,5,15,7,107,normal
HR_U27,employee,6,11,13,174,normal
HR_U27,employee,7,8,7,76,normal
HR_U27,employee,8,16,12,98,normal
HR_U27,employee,9,10,14,118,normal
HR_U27,employee,10,11,10,75,normal
HR_U27,employee,11,9,13,119,normal
HR_U27,employee,12,8,11,81,normal
HR_U27,employee,13,18,7,75,normal
HR_U27,employee,14,12,8,134,normal
HR_U27,employee,15,7,11,136,normal
HR_U27,employee,16,15,7,113,normal
HR_U27,employee,17,11,6,95,normal
HR_U27,employee,18,16,7,99,normal
HR_U27,employee,19,7,11,51,normal
HR_U27,employee,20,18,10,80,normal
HR_U27,employee,21,8,17,80,normal
HR_U27,employee,22,12,15,61,normal
HR_U27,employee,23,8,8,75,normal
HR_U27,employee,24,16,11,33,normal
HR_U27,employee,25,12,16,48,normal
HR_U27,employee,26,9,10,44,normal
HR_U27,employee,27,8,8,93,normal
HR_U27,employee,28,14,8,70,normal
HR_U27,employee,29,8,10,95,normal
HR_U27,employee,30,18,15,115,normal
HR_U28,contractor,1,18,6,87,normal
HR_U28,contractor,2,15,10,98,normal
HR_U28,contractor,3,12,6,92,normal
HR_U28,contractor,4,11,10,80,normal
HR_U28,contractor,5,8,11,64,normal
HR_U28,contractor,6,18,12,104,normal
HR_U28,contractor,7,8,6,120,normal
HR_U28,contractor,8,14,11,89,normal
HR_U28,contractor,9,17,14,116,normal
HR_U28,contractor,10,13,15,116,normal
HR_U28,contractor,11,18,8,165,normal
HR_U28,contractor,12,8,11,72,normal
HR_U28,contractor,13,10,13,55,normal
HR_U28,contractor,14,10,6,107,normal
HR_U28,contractor,15,13,18,109,normal
HR_U28,contractor,16,9,9,71,normal
HR_U28,contractor,17,7,5,78,normal
HR_U28,contractor,18,18,7,54,normal
HR_U28,contractor,19,14,16,67,normal
HR_U28,contractor,20,14,7,61,normal
HR_U28,contractor,21,7,9,73,normal
HR_U28,contractor,22,16,12,109,normal
HR_U28,contractor,23,8,9,101,normal
HR_U28,contractor,24,12,7,120,normal
HR_U28,contractor,25,11,6,15,normal
HR_U28,contractor,26,8,10,58,normal
HR_U28,contractor,27,13,6,133,normal
HR_U28,contractor,28,11,8,127,normal
HR_U28,contractor,29,17,9,139,normal
HR_U28,contractor,30,9,16,96,normal
HR_U29,manager,1,12,2,161,normal
HR_U29,manager,2,11,9,158,normal
HR_U29,manager,3,17,6,122,normal
HR_U29,manager,4,18,12,65,normal
HR_U29,manager,5,10,11,102,normal
HR_U29,manager,6,12,9,95,normal
HR_U29,manager,7,13,9,96,normal
HR_U29,manager,8,17,6,102,normal
HR_U29,manager,9,10,10,77,normal
HR_U29,manager,10,16,13,103,normal
HR_U29,manager,11,9,6,92,normal
HR_U29,manager,12,14,11,55,normal
HR_U29,manager,13,12,13,79,normal
HR_U29,manager,14,18,9,129,normal
HR_U29,manager,15,15,10,39,normal
HR_U29,manager,16,12,11,33,normal
HR_U29,manager,17,16,8,104,normal
HR_U29,manager,18,12,12,107,normal
HR_U29,manager,19,7,12,113,normal
HR_U29,manager,20,7,8,104,normal
HR_U29,manager,21,9,7,48,normal
HR_U29,manager,22,13,8,124,normal
HR_U29,manager,23,17,8,117,normal
HR_U29,manager,24,16,7,87,normal
HR_U29,manager,25,9,11,86,normal
HR_U29,manager,26,8,10,79,normal
HR_U29,manager,27,14,12,82,normal
HR_U29,manager,28,10,11,58,normal
HR_U29,manager,29,9,7,86,normal
HR_U29,manager,30,15,4,96,normal
HR_U30,contractor,1,11,10,24,normal
HR_U30,contractor,2,8,8,67,normal
HR_U30,contractor,3,8,5,86,normal
HR_U30,contractor,4,9,12,114,normal
HR_U30,contractor,5,17,6,84,normal
HR_U30,contractor,6,7,11,97,normal
HR_U30,contractor,7,10,12,122,normal
HR_U30,contractor,8,10,3,62,normal
HR_U30,contractor,9,8,13,96,normal
HR_U30,contractor,10,16,9,103,normal
HR_U30,contractor,11,7,11,83,normal
HR_U30,contractor,12,18,5,100,normal
HR_U30,contractor,13,7,9,59,normal
HR_U30,contractor,14,17,12,100,normal
HR_U30,contractor,15,11,10,111,normal
HR_U30,contractor,16,9,10,102,normal
HR_U30,contractor,17,13,9,118,normal
HR_U30,contractor,18,13,11,107,normal
HR_U30,contractor,19,10,9,86,normal
HR_U30,contractor,20,9,3,86,normal
HR_U30,contractor,21,10,14,75,normal
HR_U30,contractor,22,17,12,60,normal
HR_U30,contractor,23,11,10,52,normal
HR_U30,contractor,24,15,9,101,normal
HR_U30,contractor,25,18,10,24,normal
HR_U30,contractor,26,15,14,111,normal
HR_U30,contractor,27,11,11,115,normal
HR_U30,contractor,28,14,7,88,normal
HR_U30,contractor,29,14,7,60,normal
HR_U30,contractor,30,13,12,83,normal
HR_U31,manager,1,12,6,93,normal
HR_U31,manager,2,11,15,151,normal
HR_U31,manager,3,11,13,53,normal
HR_U31,manager,4,17,10,73,normal
HR_U31,manager,5,11,9,87,normal
HR_U31,manager,6,8,12,38,normal
HR_U31,manager,7,11,11,100,normal
HR_U31,manager,8,14,11,110,normal
HR_U31,manager,9,14,16,46,normal
HR_U31,manager,10,8,8,90,normal
HR_U31,manager,11,17,10,41,normal
HR_U31,manager,12,13,10,41,normal
HR_U31,manager,13,12,11,71,normal
HR_U31,manager,14,8,10,126,normal
HR_U31,manager,15,11,9,95,normal
HR_U31,manager,16,7,9,56,normal
HR_U31,manager,17,16,13,46,normal
HR_U31,manager,18,16,11,50,normal
HR_U31,manager,19,11,18,104,normal
HR_U31,manager,20,14,13,88,normal
HR_U31,manager,21,14,16,71,normal
HR_U31,manager,22,13,9,106,normal
HR_U31,manager,23,15,12,110,normal
HR_U31,manager,24,8,8,113,normal
HR_U31,manager,25,7,5,95,normal
HR_U31,manager,26,12,15,147,normal
HR_U31,manager,27,14,16,58,normal
HR_U31,manager,28,15,11,87,normal
HR_U31,manager,29,7,6,100,normal
HR_U31,manager,30,8,10,116,normal
HR_U32,contractor,1,14,11,131,normal
HR_U32,contractor,2,17,11,45,normal
HR_U32,contractor,3,15,9,132,normal
HR_U32,contractor,4,9,12,95,normal
HR_U32,contractor,5,17,11,64,normal
HR_U32,contractor,6,14,10,83,normal
HR_U32,contractor,7,10,16,57,normal
HR_U32,contractor,8,18,11,92,normal
HR_U32,contractor,9,17,8,117,normal
HR_U32,contractor,10,9,12,38,normal
HR_U32,contractor,11,11,12,79,normal
HR_U32,contractor,12,15,19,138,normal
HR_U32,contractor,13,7,13,39,normal
HR_U32,contractor,14,7,11,63,normal
HR_U32,contractor,15,8,6,53,normal
HR_U32,contractor,16,16,3,42,normal
HR_U32,contractor,17,9,14,108,normal
HR_U32,contractor,18,7,4,163,normal
HR_U32,contractor,19,13,11,95,normal
HR_U32,contractor,20,17,8,97,normal
HR_U32,contractor,21,10,8,114,normal
HR_U32,contractor,22,9,6,115,normal
HR_U32,contractor,23,14,12,76,normal
HR_U32,contractor,24,12,14,65,normal
HR_U32,contractor,25,7,15,58,normal
HR_U32,contractor,26,14,9,41,normal
HR_U32,contractor,27,13,8,57,normal
HR_U32,contractor,28,8,12,135,normal
HR_U32,contractor,29,17,12,95,normal
HR_U32,contractor,30,9,14,74,normal
HR_U33,manager,1,8,8,103,normal
HR_U33,manager,2,7,10,133,normal
HR_U33,manager,3,12,11,108,normal
HR_U33,manager,4,12,6,132,normal
HR_U33,manager,5,12,13,77,normal
HR_U33,manager,6,14,12,72,normal
HR_U33,manager,7,8,10,127,normal
HR_U33,manager,8,17,7,53,normal
HR_U33,manager,9,7,9,87,normal
HR_U33,manager,10,17,9,59,normal
HR_U33,manager,11,11,8,124,normal
HR_U33,manager,12,18,13,97,normal
HR_U33,manager,13,13,12,80,normal
HR_U33,manager,14,9,9,104,normal
HR_U33,manager,15,12,14,35,normal
HR_U33,manager,16,18,13,83,normal
HR_U33,manager,17,14,10,89,normal
HR_U33,manager,18,12,8,104,normal
HR_U33,manager,19,9,14,62,normal
HR_U33,manager,20,7,13,102,normal
HR_U33,manager,21,14,9,125,normal
HR_U33,manager,22,17,9,102,normal
HR_U33,manager,23,14,11,110,normal
HR_U33,manager,24,17,14,110,normal
HR_U33,manager,25,14,10,109,normal
HR_U33,manager,26,9,7,76,normal
HR_U33,manager,27,16,9,87,normal
HR_U33,manager,28,17,7,70,normal
HR_U33,manager,29,18,17,107,normal
HR_U33,manager,30,10,18,75,normal
HR_U34,employee,1,11,15,92,normal
HR_U34,employee,2,14,15,74,normal
HR_U34,employee,3,8,12,47,normal
HR_U34,employee,4,9,13,78,normal
HR_U34,employee,5,15,9,74,normal
HR_U34,employee,6,7,15,69,normal
HR_U34,employee,7,14,10,114,normal
HR_U34,employee,8,14,16,98,normal
HR_U34,employee,9,8,12,116,normal
HR_U34,employee,10,14,9,45,normal
HR_U34,employee,11,10,11,84,normal
HR_U34,employee,12,13,5,69,normal
HR_U34,employee,13,14,11,103,normal
HR_U34,employee,14,12,6,70,normal
HR_U34,employee,15,15,7,65,normal
HR_U34,employee,16,9,8,131,normal
HR_U34,employee,17,9,4,92,normal
HR_U34,employee,18,13,12,49,normal
HR_U34,employee,19,15,8,108,normal
HR_U34,employee,20,14,14,103,normal
HR_U34,employee,21,11,14,105,normal
HR_U34,employee,22,8,10,83,normal
HR_U34,employee,23,10,5,97,normal
HR_U34,employee,24,11,9,153,normal
HR_U34,employee,25,11,8,121,normal
HR_U34,employee,26,10,7,89,normal
HR_U34,employee,27,15,6,90,normal
HR_U34,employee,28,12,16,113,normal
HR_U34,employee,29,16,13,122,normal
HR_U34,employee,30,11,10,34,normal
HR_U35,contractor,1,18,7,131,normal
HR_U35,contractor,2,18,10,56,normal
HR_U35,contractor,3,16,7,47,normal
HR_U35,contractor,4,11,10,61,normal
HR_U35,contractor,5,8,12,56,normal
HR_U35,contractor,6,10,12,63,normal
HR_U35,contractor,7,13,7,113,normal
HR_U35,contractor,8,7,11,99,normal
HR_U35,contractor,9,17,13,96,normal
HR_U35,contractor,10,7,12,99,normal
HR_U35,contractor,11,18,10,103,normal
HR_U35,contractor,12,14,13,95,normal
HR_U35,contractor,13,18,5,62,normal
HR_U35,contractor,14,14,15,26,normal
HR_U35,contractor,15,12,11,75,normal
HR_U35,contractor,16,14,13,115,normal
HR_U35,contractor,17,15,11,47,normal
HR_U35,contractor,18,15,14,155,normal
HR_U35,contractor,19,15,10,51,normal
HR_U35,contractor,20,13,12,63,normal
HR_U35,contractor,21,12,15,94,normal
HR_U35,contractor,22,14,21,84,normal
HR_U35,contractor,23,10,10,102,normal
HR_U35,contractor,24,14,5,106,normal
HR_U35,contractor,25,10,12,84,normal
HR_U35,contractor,26,8,9,65,normal
HR_U35,contractor,27,11,8,84,normal
HR_U35,contractor,28,14,10,102,normal
HR_U35,contractor,29,12,8,96,normal
HR_U35,contractor,30,10,5,122,normal
